{
  "training_time": 16.590915203094482,
  "converged": false,
  "steps": 5,
  "final_loss": 0.8967354199320965,
  "best_loss": 0.8967354199320965
}